{"solution_cost": 27188806.09665358, "execution_time": 1.370517, "base_stocks": {"Retail_0001": 0, "Trans_0001": 263111, "Trans_0002": 128651, "Manuf_0002": 0, "Retail_0003": 0, "Manuf_0003": 0, "Trans_0004": 488590, "Retail_0002": 0, "Manuf_0004": 0, "Retail_0004": 0, "Manuf_0001": 0, "Manuf_0005": 0, "Trans_0003": 456533}, "safety_stocks": {"Retail_0001": 0, "Trans_0001": 87111, "Trans_0002": 40651, "Manuf_0002": 0, "Retail_0003": 0, "Manuf_0003": 0, "Trans_0004": 105790, "Retail_0002": 0, "Manuf_0004": 0, "Retail_0004": 0, "Manuf_0001": 0, "Manuf_0005": 0, "Trans_0003": 104533}, "solution": {"cost": 27188806.09665358, "policy": {"Manuf_0001": {"si": 0, "s": 30}, "Trans_0004": {"si": 30, "s": 1}, "Manuf_0005": {"si": 1, "s": 15}, "Retail_0003": {"si": 15, "s": 20}, "Manuf_0004": {"si": 1, "s": 15}, "Retail_0004": {"si": 15, "s": 20}, "Trans_0001": {"si": 30, "s": 1}, "Manuf_0002": {"si": 1, "s": 15}, "Retail_0001": {"si": 15, "s": 20}, "Trans_0003": {"si": 30, "s": 1}, "Trans_0002": {"si": 30, "s": 1}, "Manuf_0003": {"si": 1, "s": 15}, "Retail_0002": {"si": 15, "s": 20}}}}