{"solution_cost": 1292.204997783279, "execution_time": 0.716832, "base_stocks": {"Dist_0009": 2206, "Trans_0001": 0, "Dist_0007": 15397, "Dist_0012": 12361, "Dist_0001": 6857, "Trans_0006": 0, "Trans_0004": 0, "Manuf_0004": 144361, "Manuf_0005": 372488, "Dist_0006": 2697, "Dist_0003": 2771, "Manuf_0008": 7919, "Dist_0005": 87, "Trans_0005": 0, "Manuf_0006": 184712, "Dist_0002": 589, "Dist_0010": 14421, "Trans_0003": 0, "Manuf_0010": 69717, "Manuf_0007": 27497, "Trans_0002": 0, "Manuf_0009": 54491, "Manuf_0001": 395203, "Manuf_0003": 19043, "Manuf_0002": 96465, "Dist_0004": 1155, "Dist_0008": 1721, "Dist_0011": 2010}, "safety_stocks": {"Dist_0009": 17, "Trans_0001": 0, "Dist_0007": 16, "Dist_0012": 16, "Dist_0001": 15, "Trans_0006": 0, "Trans_0004": 0, "Manuf_0004": 63, "Manuf_0005": 95, "Dist_0006": 16, "Dist_0003": 16, "Manuf_0008": 40, "Dist_0005": 6, "Trans_0005": 0, "Manuf_0006": 63, "Dist_0002": 7, "Dist_0010": 16, "Trans_0003": 0, "Manuf_0010": 38, "Manuf_0007": 40, "Trans_0002": 0, "Manuf_0009": 39, "Manuf_0001": 109, "Manuf_0003": 62, "Manuf_0002": 93, "Dist_0004": 16, "Dist_0008": 7, "Dist_0011": 7}, "solution": {"cost": 1292.204997783279, "policy": {"Dist_0001": {"si": 0, "s": 0}, "Manuf_0007": {"si": 2, "s": 0}, "Dist_0003": {"si": 0, "s": 0}, "Trans_0001": {"si": 0, "s": 2}, "Manuf_0010": {"si": 2, "s": 0}, "Dist_0011": {"si": 0, "s": 0}, "Trans_0006": {"si": 0, "s": 2}, "Manuf_0006": {"si": 0, "s": 0}, "Trans_0005": {"si": 0, "s": 2}, "Manuf_0005": {"si": 0, "s": 0}, "Dist_0012": {"si": 0, "s": 0}, "Dist_0010": {"si": 0, "s": 0}, "Manuf_0001": {"si": 0, "s": 0}, "Manuf_0009": {"si": 2, "s": 0}, "Trans_0004": {"si": 0, "s": 2}, "Manuf_0004": {"si": 0, "s": 0}, "Dist_0007": {"si": 0, "s": 0}, "Dist_0008": {"si": 0, "s": 0}, "Dist_0009": {"si": 0, "s": 0}, "Dist_0002": {"si": 0, "s": 0}, "Trans_0002": {"si": 0, "s": 2}, "Manuf_0008": {"si": 2, "s": 0}, "Dist_0006": {"si": 0, "s": 0}, "Dist_0005": {"si": 0, "s": 0}, "Trans_0003": {"si": 0, "s": 2}, "Manuf_0003": {"si": 0, "s": 0}, "Dist_0004": {"si": 0, "s": 0}, "Manuf_0002": {"si": 0, "s": 0}}}}