{"solution": {"policy": {"Dist_0001": {"s": 0, "si": 35}, "Dist_0009": {"s": 0, "si": 0}, "Manuf_0001": {"s": 35, "si": 0}, "Part_0004": {"s": 0, "si": 0}, "Manuf_0006": {"s": 35, "si": 0}, "Dist_0006": {"s": 0, "si": 35}, "Manuf_0003": {"s": 35, "si": 0}, "Dist_0003": {"s": 0, "si": 35}, "Manuf_0007": {"s": 35, "si": 0}, "Dist_0007": {"s": 0, "si": 35}, "Manuf_0005": {"s": 35, "si": 0}, "Dist_0005": {"s": 0, "si": 35}, "Manuf_0002": {"s": 35, "si": 0}, "Dist_0002": {"s": 0, "si": 35}, "Manuf_0004": {"s": 35, "si": 0}, "Dist_0004": {"s": 0, "si": 35}, "Dist_0011": {"s": 0, "si": 0}, "Part_0002": {"s": 0, "si": 0}, "Part_0003": {"s": 0, "si": 0}, "Part_0001": {"s": 0, "si": 0}, "Dist_0008": {"s": 0, "si": 0}, "Dist_0010": {"s": 0, "si": 0}}, "cost": 139918.5289648703}, "execution_time": 20.047468, "solution_cost": 139918.5289648703, "safety_stocks": {"Dist_0010": 0, "Dist_0003": 73, "Dist_0008": 13, "Part_0004": 0, "Dist_0005": 73, "Dist_0001": 90, "Dist_0011": 0, "Manuf_0002": 0, "Part_0002": 262, "Part_0003": 262, "Manuf_0003": 0, "Dist_0009": 19, "Dist_0004": 73, "Dist_0006": 73, "Dist_0007": 73, "Part_0001": 227, "Manuf_0004": 0, "Dist_0002": 73, "Manuf_0005": 0, "Manuf_0007": 0, "Manuf_0006": 0, "Manuf_0001": 0}, "base_stocks": {"Dist_0010": 0, "Dist_0003": 10573, "Dist_0008": 5893, "Part_0004": 0, "Dist_0005": 21073, "Dist_0001": 113490, "Dist_0011": 0, "Manuf_0002": 0, "Part_0002": 360262, "Part_0003": 360262, "Manuf_0003": 0, "Dist_0009": 4219, "Dist_0004": 14773, "Dist_0006": 6373, "Dist_0007": 2173, "Part_0001": 270227, "Manuf_0004": 0, "Dist_0002": 42073, "Manuf_0005": 0, "Manuf_0007": 0, "Manuf_0006": 0, "Manuf_0001": 0}}