{"solution_cost": 10383011.222968055, "execution_time": 13.616571, "base_stocks": {"Retail_0001": 0, "Part_0008": 0, "Part_0002": 0, "Part_0013": 0, "Retail_0004": 0, "Trans_0012": 111, "Manuf_0003": 36, "Trans_0006": 85, "Trans_0004": 35, "Manuf_0004": 50, "Trans_0007": 145, "Part_0005": 0, "Part_0009": 0, "Trans_0008": 341, "Manuf_0005": 28, "Trans_0010": 374, "Trans_0009": 128, "Retail_0006": 0, "Part_0003": 0, "Part_0006": 0, "Part_0011": 0, "Trans_0013": 128, "Trans_0005": 144, "Manuf_0006": 40, "Trans_0002": 85, "Manuf_0002": 63, "Retail_0003": 0, "Part_0012": 0, "Part_0001": 0, "Part_0010": 0, "Trans_0001": 171, "Retail_0002": 0, "Trans_0011": 128, "Retail_0005": 0, "Manuf_0001": 61, "Part_0007": 0, "Part_0004": 0, "Trans_0003": 48}, "safety_stocks": {"Retail_0001": 0, "Part_0008": 0, "Part_0002": 0, "Part_0013": 0, "Retail_0004": 0, "Trans_0012": 14, "Manuf_0003": 9, "Trans_0006": 10, "Trans_0004": 6, "Manuf_0004": 9, "Trans_0007": 16, "Part_0005": 0, "Part_0009": 0, "Trans_0008": 26, "Manuf_0005": 7, "Trans_0010": 27, "Trans_0009": 15, "Retail_0006": 0, "Part_0003": 0, "Part_0006": 0, "Part_0011": 0, "Trans_0013": 15, "Trans_0005": 19, "Manuf_0006": 6, "Trans_0002": 12, "Manuf_0002": 7, "Retail_0003": 0, "Part_0012": 0, "Part_0001": 0, "Part_0010": 0, "Trans_0001": 18, "Retail_0002": 0, "Trans_0011": 15, "Retail_0005": 0, "Manuf_0001": 12, "Part_0007": 0, "Part_0004": 0, "Trans_0003": 10}, "solution": {"cost": 10383011.222968055, "policy": {"Manuf_0001": {"si": 0, "s": 4}, "Trans_0013": {"si": 7, "s": 0}, "Manuf_0003": {"si": 0, "s": 4}, "Retail_0003": {"si": 4, "s": 10}, "Trans_0003": {"si": 10, "s": 0}, "Part_0003": {"si": 0, "s": 10}, "Manuf_0005": {"si": 0, "s": 5}, "Trans_0004": {"si": 9, "s": 0}, "Part_0004": {"si": 0, "s": 9}, "Retail_0005": {"si": 5, "s": 10}, "Manuf_0002": {"si": 0, "s": 6}, "Retail_0002": {"si": 6, "s": 10}, "Trans_0006": {"si": 8, "s": 0}, "Part_0006": {"si": 0, "s": 8}, "Manuf_0006": {"si": 0, "s": 3}, "Retail_0006": {"si": 3, "s": 10}, "Part_0013": {"si": 0, "s": 7}, "Manuf_0004": {"si": 0, "s": 5}, "Retail_0004": {"si": 5, "s": 10}, "Trans_0010": {"si": 9, "s": 0}, "Part_0010": {"si": 0, "s": 9}, "Trans_0012": {"si": 4, "s": 0}, "Part_0012": {"si": 0, "s": 4}, "Trans_0009": {"si": 6, "s": 0}, "Part_0009": {"si": 0, "s": 6}, "Trans_0007": {"si": 10, "s": 0}, "Part_0007": {"si": 0, "s": 10}, "Retail_0001": {"si": 4, "s": 10}, "Trans_0008": {"si": 33, "s": 0}, "Part_0008": {"si": 0, "s": 33}, "Trans_0002": {"si": 10, "s": 0}, "Part_0002": {"si": 0, "s": 10}, "Trans_0005": {"si": 25, "s": 0}, "Part_0005": {"si": 0, "s": 25}, "Trans_0001": {"si": 7, "s": 0}, "Part_0001": {"si": 0, "s": 7}, "Trans_0011": {"si": 7, "s": 0}, "Part_0011": {"si": 0, "s": 7}}}}