{"solution_cost": 42414.30254676093, "execution_time": 1.782542, "base_stocks": {"Retail_0048": 0, "Trans_0024": 0, "Trans_0035": 0, "Retail_0017": 32, "Retail_0054": 92, "Retail_0039": 0, "Retail_0014": 44, "Dist_0003": 76577, "Trans_0010": 0, "Trans_0033": 0, "Retail_0006": 63, "Trans_0016": 0, "Trans_0025": 0, "Retail_0009": 66, "Trans_0015": 0, "Trans_0013": 0, "Trans_0027": 0, "Retail_0020": 0, "Retail_0034": 0, "Retail_0041": 99, "Retail_0063": 270, "Retail_0047": 0, "Retail_0005": 44, "Trans_0017": 0, "Retail_0026": 0, "Retail_0055": 0, "Retail_0012": 36, "Retail_0032": 512, "Trans_0036": 0, "Retail_0011": 0, "Retail_0052": 74, "Retail_0042": 88, "Retail_0022": 0, "Retail_0066": 0, "Retail_0064": 534, "Retail_0051": 0, "Trans_0018": 0, "Retail_0024": 0, "Trans_0032": 0, "Manuf_0004": 698, "Retail_0060": 49, "Trans_0022": 0, "Manuf_0002": 1442, "Trans_0003": 0, "Trans_0021": 0, "Retail_0038": 42, "Manuf_0007": 2152, "Retail_0033": 309, "Retail_0016": 22, "Retail_0015": 50, "Retail_0046": 0, "Trans_0031": 0, "Retail_0023": 0, "Retail_0043": 127, "Retail_0019": 189, "Retail_0058": 108, "Retail_0001": 0, "Trans_0012": 0, "Retail_0040": 789, "Retail_0028": 0, "Trans_0001": 0, "Trans_0009": 0, "Trans_0007": 0, "Retail_0030": 0, "Dist_0005": 172566, "Retail_0018": 37, "Manuf_0008": 1552, "Retail_0045": 48, "Trans_0023": 0, "Retail_0049": 0, "Retail_0027": 0, "Trans_0029": 0, "Trans_0011": 0, "Dist_0002": 105585, "Retail_0035": 159, "Retail_0008": 23, "Retail_0044": 238, "Retail_0053": 21, "Retail_0013": 0, "Retail_0021": 200, "Retail_0057": 175, "Dist_0004": 115242, "Manuf_0001": 2791, "Retail_0062": 0, "Retail_0025": 0, "Trans_0034": 0, "Retail_0004": 49, "Dist_0001": 138062, "Manuf_0003": 3249, "Trans_0006": 0, "Trans_0030": 0, "Retail_0059": 0, "Trans_0004": 0, "Trans_0008": 0, "Manuf_0005": 2859, "Trans_0005": 0, "Trans_0020": 0, "Retail_0050": 0, "Retail_0007": 0, "Retail_0037": 0, "Retail_0036": 303, "Trans_0019": 0, "Trans_0002": 0, "Retail_0010": 79, "Retail_0003": 11, "Manuf_0006": 697, "Retail_0065": 123, "Trans_0026": 0, "Retail_0002": 162, "Retail_0056": 207, "Trans_0028": 0, "Manuf_0009": 6762, "Retail_0061": 99, "Retail_0031": 0, "Retail_0029": 0, "Trans_0014": 0}, "safety_stocks": {"Retail_0048": 0, "Trans_0024": 0, "Trans_0035": 0, "Retail_0017": 1, "Retail_0054": 4, "Retail_0039": 0, "Retail_0014": 1, "Dist_0003": 332, "Trans_0010": 0, "Trans_0033": 0, "Retail_0006": 2, "Trans_0016": 0, "Trans_0025": 0, "Retail_0009": 1, "Trans_0015": 0, "Trans_0013": 0, "Trans_0027": 0, "Retail_0020": 0, "Retail_0034": 0, "Retail_0041": 12, "Retail_0063": 27, "Retail_0047": 0, "Retail_0005": 1, "Trans_0017": 0, "Retail_0026": 0, "Retail_0055": 0, "Retail_0012": 1, "Retail_0032": 52, "Trans_0036": 0, "Retail_0011": 0, "Retail_0052": 2, "Retail_0042": 16, "Retail_0022": 0, "Retail_0066": 0, "Retail_0064": 37, "Retail_0051": 0, "Trans_0018": 0, "Retail_0024": 0, "Trans_0032": 0, "Manuf_0004": 39, "Retail_0060": 13, "Trans_0022": 0, "Manuf_0002": 11, "Trans_0003": 0, "Trans_0021": 0, "Retail_0038": 1, "Manuf_0007": 81, "Retail_0033": 26, "Retail_0016": 2, "Retail_0015": 1, "Retail_0046": 0, "Trans_0031": 0, "Retail_0023": 0, "Retail_0043": 1, "Retail_0019": 1, "Retail_0058": 9, "Retail_0001": 0, "Trans_0012": 0, "Retail_0040": 27, "Retail_0028": 0, "Trans_0001": 0, "Trans_0009": 0, "Trans_0007": 0, "Retail_0030": 0, "Dist_0005": 355, "Retail_0018": 1, "Manuf_0008": 89, "Retail_0045": 18, "Trans_0023": 0, "Retail_0049": 0, "Retail_0027": 0, "Trans_0029": 0, "Trans_0011": 0, "Dist_0002": 259, "Retail_0035": 3, "Retail_0008": 1, "Retail_0044": 8, "Retail_0053": 3, "Retail_0013": 0, "Retail_0021": 2, "Retail_0057": 35, "Dist_0004": 465, "Manuf_0001": 92, "Retail_0062": 0, "Retail_0025": 0, "Trans_0034": 0, "Retail_0004": 1, "Dist_0001": 487, "Manuf_0003": 92, "Trans_0006": 0, "Trans_0030": 0, "Retail_0059": 0, "Trans_0004": 0, "Trans_0008": 0, "Manuf_0005": 65, "Trans_0005": 0, "Trans_0020": 0, "Retail_0050": 0, "Retail_0007": 0, "Retail_0037": 0, "Retail_0036": 6, "Trans_0019": 0, "Trans_0002": 0, "Retail_0010": 1, "Retail_0003": 1, "Manuf_0006": 13, "Retail_0065": 9, "Trans_0026": 0, "Retail_0002": 2, "Retail_0056": 44, "Trans_0028": 0, "Manuf_0009": 81, "Retail_0061": 22, "Retail_0031": 0, "Retail_0029": 0, "Trans_0014": 0}, "solution": {"cost": 42414.30254676093, "policy": {"Dist_0001": {"si": 0, "s": 0}, "Manuf_0005": {"si": 0, "s": 0}, "Dist_0003": {"si": 0, "s": 0}, "Retail_0009": {"si": 0, "s": 0}, "Manuf_0003": {"si": 0, "s": 0}, "Trans_0009": {"si": 0, "s": 6}, "Retail_0039": {"si": 6, "s": 6}, "Retail_0024": {"si": 6, "s": 6}, "Trans_0012": {"si": 0, "s": 4}, "Retail_0042": {"si": 4, "s": 3}, "Trans_0011": {"si": 0, "s": 7}, "Retail_0041": {"si": 7, "s": 5}, "Trans_0010": {"si": 0, "s": 14}, "Retail_0040": {"si": 14, "s": 1}, "Retail_0003": {"si": 0, "s": 0}, "Retail_0010": {"si": 0, "s": 0}, "Retail_0004": {"si": 0, "s": 0}, "Retail_0011": {"si": 5, "s": 5}, "Retail_0026": {"si": 2, "s": 2}, "Dist_0005": {"si": 0, "s": 0}, "Manuf_0008": {"si": 0, "s": 0}, "Trans_0032": {"si": 2, "s": 5}, "Retail_0062": {"si": 5, "s": 5}, "Trans_0029": {"si": 0, "s": 3}, "Retail_0059": {"si": 3, "s": 3}, "Trans_0030": {"si": 0, "s": 8}, "Retail_0060": {"si": 8, "s": 6}, "Retail_0029": {"si": 5, "s": 5}, "Trans_0031": {"si": 0, "s": 8}, "Retail_0061": {"si": 8, "s": 5}, "Retail_0018": {"si": 0, "s": 0}, "Retail_0017": {"si": 0, "s": 0}, "Retail_0019": {"si": 0, "s": 0}, "Retail_0020": {"si": 5, "s": 5}, "Retail_0021": {"si": 0, "s": 0}, "Manuf_0009": {"si": 0, "s": 0}, "Trans_0035": {"si": 0, "s": 5}, "Retail_0065": {"si": 5, "s": 4}, "Trans_0034": {"si": 0, "s": 8}, "Retail_0064": {"si": 8, "s": 2}, "Retail_0030": {"si": 1, "s": 1}, "Trans_0033": {"si": 0, "s": 5}, "Retail_0063": {"si": 5, "s": 1}, "Trans_0036": {"si": 1, "s": 5}, "Retail_0066": {"si": 5, "s": 5}, "Trans_0020": {"si": 0, "s": 3}, "Retail_0050": {"si": 3, "s": 3}, "Dist_0004": {"si": 0, "s": 0}, "Manuf_0007": {"si": 0, "s": 0}, "Retail_0028": {"si": 1, "s": 1}, "Trans_0025": {"si": 0, "s": 5}, "Retail_0055": {"si": 5, "s": 5}, "Trans_0026": {"si": 0, "s": 7}, "Retail_0056": {"si": 7, "s": 2}, "Trans_0027": {"si": 0, "s": 9}, "Retail_0057": {"si": 9, "s": 4}, "Trans_0028": {"si": 0, "s": 3}, "Retail_0058": {"si": 3, "s": 2}, "Retail_0012": {"si": 0, "s": 0}, "Retail_0016": {"si": 0, "s": 0}, "Retail_0015": {"si": 0, "s": 0}, "Retail_0013": {"si": 4, "s": 4}, "Retail_0014": {"si": 0, "s": 0}, "Dist_0002": {"si": 0, "s": 0}, "Retail_0002": {"si": 0, "s": 0}, "Retail_0008": {"si": 0, "s": 0}, "Retail_0006": {"si": 0, "s": 0}, "Manuf_0002": {"si": 0, "s": 0}, "Trans_0008": {"si": 0, "s": 4}, "Retail_0038": {"si": 4, "s": 3}, "Trans_0006": {"si": 0, "s": 11}, "Retail_0036": {"si": 11, "s": 0}, "Trans_0005": {"si": 0, "s": 4}, "Retail_0035": {"si": 4, "s": 0}, "Retail_0023": {"si": 3, "s": 3}, "Trans_0007": {"si": 0, "s": 6}, "Retail_0037": {"si": 6, "s": 6}, "Manuf_0006": {"si": 0, "s": 0}, "Trans_0021": {"si": 2, "s": 6}, "Retail_0051": {"si": 6, "s": 6}, "Retail_0027": {"si": 1, "s": 1}, "Trans_0022": {"si": 0, "s": 8}, "Retail_0052": {"si": 8, "s": 5}, "Trans_0023": {"si": 0, "s": 5}, "Retail_0053": {"si": 5, "s": 4}, "Trans_0024": {"si": 0, "s": 5}, "Retail_0054": {"si": 5, "s": 1}, "Retail_0005": {"si": 0, "s": 0}, "Retail_0007": {"si": 1, "s": 1}, "Trans_0018": {"si": 4, "s": 16}, "Retail_0048": {"si": 16, "s": 16}, "Trans_0017": {"si": 2, "s": 6}, "Retail_0047": {"si": 6, "s": 6}, "Trans_0019": {"si": 2, "s": 7}, "Retail_0049": {"si": 7, "s": 7}, "Manuf_0001": {"si": 0, "s": 1}, "Trans_0004": {"si": 3, "s": 6}, "Retail_0034": {"si": 6, "s": 6}, "Trans_0001": {"si": 1, "s": 5}, "Retail_0031": {"si": 5, "s": 5}, "Trans_0003": {"si": 1, "s": 7}, "Retail_0033": {"si": 7, "s": 1}, "Trans_0002": {"si": 1, "s": 11}, "Retail_0032": {"si": 11, "s": 1}, "Retail_0022": {"si": 4, "s": 4}, "Retail_0001": {"si": 1, "s": 1}, "Manuf_0004": {"si": 0, "s": 1}, "Trans_0016": {"si": 1, "s": 4},