{"solution_cost": 2790741.85791358, "execution_time": 153.463465, "base_stocks": {"Dist_0009": 0, "Retail_0048": 12201, "Manuf_0010": 10817, "Dist_0007": 0, "Manuf_0023": 0, "Part_0014": 84700, "Retail_0041": 3780, "Dist_0026": 0, "Retail_0054": 5841, "Dist_0012": 0, "Manuf_0026": 17927, "Manuf_0004": 18345, "Part_0009": 31178, "Retail_0039": 6090, "Part_0021": 28832, "Retail_0006": 0, "Part_0006": 40879, "Retail_0009": 0, "Retail_0013": 0, "Retail_0050": 4999, "Manuf_0006": 15515, "Retail_0034": 5807, "Part_0008": 36633, "Retail_0017": 0, "Part_0010": 28374, "Dist_0027": 0, "Retail_0005": 0, "Dist_0014": 0, "Retail_0026": 0, "Retail_0055": 4848, "Retail_0012": 7797, "Retail_0032": 4864, "Retail_0043": 14113, "Retail_0007": 12654, "Retail_0052": 4715, "Retail_0042": 5210, "Dist_0025": 0, "Retail_0022": 0, "Dist_0013": 0, "Part_0016": 49744, "Part_0020": 45434, "Manuf_0016": 16858, "Manuf_0013": 10900, "Part_0002": 35815, "Retail_0024": 0, "Dist_0024": 0, "Manuf_0007": 0, "Retail_0020": 10689, "Retail_0014": 0, "Part_0011": 33441, "Dist_0010": 0, "Retail_0038": 4549, "Dist_0003": 0, "Retail_0033": 5814, "Retail_0016": 0, "Dist_0020": 0, "Retail_0015": 12884, "Manuf_0002": 15890, "Retail_0046": 4978, "Manuf_0028": 0, "Dist_0008": 0, "Dist_0021": 0, "Dist_0015": 0, "Retail_0011": 0, "Dist_0017": 0, "Dist_0028": 0, "Part_0001": 519632, "Retail_0031": 5270, "Part_0013": 42514, "Retail_0025": 11053, "Manuf_0015": 0, "Manuf_0020": 0, "Retail_0040": 11428, "Part_0018": 38589, "Retail_0028": 11567, "Retail_0030": 5435, "Dist_0005": 0, "Manuf_0027": 16237, "Manuf_0008": 16053, "Retail_0045": 6905, "Retail_0049": 4708, "Retail_0027": 0, "Manuf_0024": 12752, "Dist_0002": 0, "Manuf_0017": 30678, "Retail_0008": 0, "Retail_0051": 11709, "Retail_0044": 4564, "Retail_0053": 13017, "Retail_0018": 0, "Manuf_0019": 17850, "Part_0004": 68132, "Retail_0021": 0, "Retail_0001": 9683, "Part_0012": 105615, "Dist_0004": 0, "Manuf_0012": 0, "Manuf_0011": 14786, "Manuf_0022": 25821, "Dist_0006": 0, "Retail_0004": 0, "Dist_0001": 0, "Dist_0023": 0, "Manuf_0003": 17104, "Part_0019": 45049, "Manuf_0025": 0, "Manuf_0021": 19551, "Manuf_0014": 14427, "Manuf_0005": 14131, "Dist_0019": 0, "Dist_0018": 0, "Part_0003": 85212, "Retail_0047": 6173, "Retail_0037": 9392, "Retail_0036": 4484, "Part_0005": 80391, "Manuf_0018": 17349, "Dist_0016": 0, "Retail_0010": 0, "Retail_0003": 0, "Retail_0019": 0, "Retail_0002": 0, "Retail_0056": 14326, "Part_0015": 95416, "Manuf_0009": 19176, "Manuf_0001": 0, "Dist_0022": 0, "Retail_0035": 13712, "Part_0007": 33547, "Retail_0029": 13358, "Dist_0011": 0, "Retail_0023": 7202, "Part_0017": 28603}, "safety_stocks": {"Dist_0009": 0, "Retail_0048": 7086, "Manuf_0010": 3072, "Dist_0007": 0, "Manuf_0023": 0, "Part_0014": 16509, "Retail_0041": 1234, "Dist_0026": 0, "Retail_0054": 4156, "Dist_0012": 0, "Manuf_0026": 8075, "Manuf_0004": 4256, "Part_0009": 7474, "Retail_0039": 3410, "Part_0021": 9858, "Retail_0006": 0, "Part_0006": 7915, "Retail_0009": 0, "Retail_0013": 0, "Retail_0050": 3254, "Manuf_0006": 5690, "Retail_0034": 3284, "Part_0008": 8187, "Retail_0017": 0, "Part_0010": 5816, "Dist_0027": 0, "Retail_0005": 0, "Dist_0014": 0, "Retail_0026": 0, "Retail_0055": 3162, "Retail_0012": 2274, "Retail_0032": 1278, "Retail_0043": 8981, "Retail_0007": 2504, "Retail_0052": 3073, "Retail_0042": 2606, "Dist_0025": 0, "Retail_0022": 0, "Dist_0013": 0, "Part_0016": 12104, "Part_0020": 12907, "Manuf_0016": 5564, "Manuf_0013": 3113, "Part_0002": 8675, "Retail_0024": 0, "Dist_0024": 0, "Manuf_0007": 0, "Retail_0020": 2624, "Retail_0014": 0, "Part_0011": 6372, "Dist_0010": 0, "Retail_0038": 2057, "Dist_0003": 0, "Retail_0033": 3071, "Retail_0016": 0, "Dist_0020": 0, "Retail_0015": 2017, "Manuf_0002": 4654, "Retail_0046": 3188, "Manuf_0028": 0, "Dist_0008": 0, "Dist_0021": 0, "Dist_0015": 0, "Retail_0011": 0, "Dist_0017": 0, "Dist_0028": 0, "Part_0001": 39632, "Retail_0031": 2655, "Part_0013": 10536, "Retail_0025": 3116, "Manuf_0015": 0, "Manuf_0020": 0, "Retail_0040": 5215, "Part_0018": 12032, "Retail_0028": 2609, "Retail_0030": 2162, "Dist_0005": 0, "Manuf_0027": 6969, "Manuf_0008": 3348, "Retail_0045": 5129, "Retail_0049": 2907, "Retail_0027": 0, "Manuf_0024": 5630, "Dist_0002": 0, "Manuf_0017": 8863, "Retail_0008": 0, "Retail_0051": 6749, "Retail_0044": 2828, "Retail_0053": 7833, "Retail_0018": 0, "Manuf_0019": 7966, "Part_0004": 10912, "Retail_0021": 0, "Retail_0001": 2568, "Part_0012": 17451, "Dist_0004": 0, "Manuf_0012": 0, "Manuf_0011": 4895, "Manuf_0022": 7009, "Dist_0006": 0, "Retail_0004": 0, "Dist_0001": 0, "Dist_0023": 0, "Manuf_0003": 4041, "Part_0019": 13181, "Manuf_0025": 0, "Manuf_0021": 8250, "Manuf_0014": 4168, "Manuf_0005": 5333, "Dist_0019": 0, "Dist_0018": 0, "Part_0003": 11915, "Retail_0047": 4502, "Retail_0037": 3254, "Retail_0036": 1001, "Part_0005": 12900, "Manuf_0018": 5971, "Dist_0016": 0, "Retail_0010": 0, "Retail_0003": 0, "Retail_0019": 0, "Retail_0002": 0, "Retail_0056": 9139, "Part_0015": 18209, "Manuf_0009": 6573, "Manuf_0001": 0, "Dist_0022": 0, "Retail_0035": 7557, "Part_0007": 8113, "Retail_0029": 7476, "Dist_0011": 0, "Retail_0023": 2023, "Part_0017": 9094}, "solution": {"cost": 2790741.85791358, "policy": {"Dist_0001": {"si": 8, "s": 14}, "Manuf_0001": {"si": 0, "s": 8}, "Part_0002": {"si": 0, "s": 0}, "Manuf_0002": {"si": 0, "s": 0}, "Retail_0002": {"si": 0, "s": 0}, "Dist_0002": {"si": 0, "s": 6}, "Retail_0030": {"si": 6, "s": 0}, "Part_0003": {"si": 0, "s": 0}, "Manuf_0003": {"si": 0, "s": 0}, "Dist_0003": {"si": 0, "s": 6}, "Retail_0031": {"si": 6, "s": 0}, "Part_0004": {"si": 0, "s": 0}, "Manuf_0006": {"si": 0, "s": 0}, "Dist_0006": {"si": 0, "s": 6}, "Retail_0034": {"si": 6, "s": 0}, "Part_0005": {"si": 0, "s": 0}, "Manuf_0008": {"si": 0, "s": 0}, "Retail_0008": {"si": 0, "s": 0}, "Part_0006": {"si": 0, "s": 0}, "Dist_0008": {"si": 0, "s": 6}, "Retail_0036": {"si": 6, "s": 0}, "Manuf_0007": {"si": 0, "s": 8}, "Dist_0007": {"si": 8, "s": 14}, "Retail_0035": {"si": 14, "s": 0}, "Retail_0007": {"si": 8, "s": 0}, "Retail_0006": {"si": 0, "s": 0}, "Manuf_0005": {"si": 0, "s": 0}, "Dist_0005": {"si": 0, "s": 6}, "Retail_0033": {"si": 6, "s": 0}, "Retail_0005": {"si": 0, "s": 0}, "Retail_0003": {"si": 0, "s": 0}, "Manuf_0004": {"si": 0, "s": 0}, "Dist_0004": {"si": 0, "s": 6}, "Retail_0032": {"si": 6, "s": 0}, "Retail_0004": {"si": 0, "s": 0}, "Part_0001": {"si": 0, "s": 0}, "Manuf_0028": {"si": 0, "s": 8}, "Part_0021": {"si": 0, "s": 0}, "Dist_0028": {"si": 8, "s": 12}, "Retail_0056": {"si": 12, "s": 0}, "Part_0020": {"si": 0, "s": 0}, "Retail_0028": {"si": 8, "s": 0}, "Manuf_0017": {"si": 0, "s": 0}, "Retail_0017": {"si": 0, "s": 0}, "Dist_0017": {"si": 0, "s": 4}, "Retail_0045": {"si": 4, "s": 0}, "Manuf_0012": {"si": 0, "s": 8}, "Part_0009": {"si": 0, "s": 0}, "Dist_0012": {"si": 8, "s": 14}, "Retail_0040": {"si": 14, "s": 0}, "Part_0008": {"si": 0, "s": 0}, "Retail_0012": {"si": 8, "s": 0}, "Manuf_0027": {"si": 0, "s": 0}, "Dist_0027": {"si": 0, "s": 4}, "Retail_0055": {"si": 4, "s": 0}, "Retail_0027": {"si": 0, "s": 0}, "Manuf_0010": {"si": 0, "s": 0}, "Retail_0010": {"si": 0, "s": 0}, "Dist_0010": {"si": 0, "s": 6}, "Retail_0038": {"si": 6, "s": 0}, "Manuf_0021": {"si": 0, "s": 0}, "Part_0016": {"si": 0, "s": 0}, "Dist_0021": {"si": 0, "s": 4}, "Retail_0049": {"si": 4, "s": 0}, "Retail_0021": {"si": 0, "s": 0}, "Manuf_0009": {"si": 0, "s": 0}, "Retail_0009": {"si": 0, "s": 0}, "Part_0007": {"si": 0, "s": 0}, "Dist_0009": {"si": 0, "s": 6}, "Retail_0037": {"si": 6, "s": 0}, "Manuf_0025": {"si": 0, "s": 8}, "Part_0018": {"si": 0, "s": 0}, "Part_0019": {"si": 0, "s": 0}, "Dist_0025": {"si": 8, "s": 12}, "Retail_0053": {"si": 12, "s": 0}, "Retail_0025": {"si": 8, "s": 0}, "Manuf_0019": {"si": 0, "s": 0}, "Dist_0019": {"si": 0, "s": 4}, "Retail_0047": {"si": 4, "s": 0}, "Retail_0019": {"si": 0, "s": 0}, "Part_0015": {"si": 0, "s": 0}, "Part_0014": {"si": 0, "s": 0}, "Manuf_0026": {"si": 0, "s": 0}, "Retail_0026": {"si": 0, "s": 0},